name,suitable,skin-type,category,primary-concern,secondary-concern,product-link
La Roche-Posay Toleriane Dermo-Cleanser,Yes,Sensitive,Face wash,Acne/Pimples,Under Eye Circles,https://www.laroche-posay.us/our-products/face/face-wash/toleriane-dermo-milky-cleanser-3433422406599.html?srsltid=AfmBOoqrkJvnx5bx9HbX5cTnGqvou3x8RMsWtgIm-5vMpjxqVcuQiZ9b
COSRX Low pH Good Morning Gel Cleanser,Yes,Sensitive,Face wash,Acne/Pimples,Dull Skin,https://www.cosrx.com/products/low-ph-good-morning-gel-cleanser?srsltid=AfmBOorJBkAQNO8OFLdgI3XCrHhmNDpfqpHOs4k8s7p7SY17lijCVK_5
Aveeno Calm and Restore Oat Cleanser,Yes,Sensitive,Face wash,Pigmentation,Under Eye Circles,https://www.aveeno.com/products/calm-restore-gentle-nourishing-oat-face-cleanser
Banila Co Clean It Zero Purifying,Yes,Sensitive,Face wash,Pigmentation,Dull Skin,https://banilausa.com/products/clean-it-zero-cleansing-balm-original?srsltid=AfmBOoo_wmlnPws_kcXm0d9WVX-pjrm0xfQSZ3Zt74Q4bIUIRwMnPnZ7
Cetaphil Gentle Skin Cleanser,Yes,Sensitive,Face wash,Fine Lines,Under Eye Circles,https://www.cetaphil.in/products/cleansers/gentle-skin-cleanser/8906005274105.html
Vanicream Gentle Facial Cleanser ,Yes,Sensitive,Face wash,Fine Lines,Dull Skin,https://www.vanicream.com/product/vanicream-facial-cleanser
Minimalist Salicylic Acid 2% Face Wash,Yes,Oily,Face wash,Acne/Pimples,Under Eye Circles,https://beminimalist.co/products/salicylic-lha-2-cleanser?srsltid=AfmBOoreicr8UDJM8IGygK9jIrkO-U34JIr468gpPyNPFaPO-P_obsnY
CeraVe SA Cleanser,Yes,Oily,Face wash,Acne/Pimples,Dull Skin,https://www.ceraveindia.com/ceramides-skin-care/cleansers/sa-smoothing-cleanser
Deconstruct Brightening Cleanser ,Yes,Oily,Face wash,Pigmentation,Under Eye Circles,https://thedeconstruct.in/products/vitamin-c-brightening-face-wash?srsltid=AfmBOoqbQur3d1rjUM6C0XD5O6mn5h4QmUdCJUaZZlRenRt1N0Eoa_M2
Neutrogena deep clean facial Cleanser ,Yes,Oily,Face wash,Pigmentation,Dull Skin,https://www.neutrogena.in/face/facial-cleansers-and-scrubs/deep-clean-facial-cleanser
CeraVe Foaming Cleanser,Yes,Oily,Face wash,Fine Lines,Under Eye Circles,https://www.cerave.com/skincare/cleansers/foaming-facial-cleanser
Biotique Honey Gel Wash,Yes,Oily,Face wash,Fine Lines,Dull Skin,https://www.biotique.com/products/honey-gel-soothe-nourish-foaming-face-wash?srsltid=AfmBOoopmec4F20gWBX-sBka9QxnMw9IxSqSWhlH3yrySt_n3RN9BZHJ
Cetaphil Gentle Skin Cleanser,Yes,Dry,Face wash,Acne/Pimples,Under Eye Circles,https://www.cetaphil.in/products/cleansers/gentle-skin-cleanser/8906005274105.html
CeraVe Hydrating Cleanser,Yes,Dry,Face wash,Acne/Pimples,Dull Skin,https://www.ceraveindia.com/ceramides-skin-care/cleansers/hydrating-cleanser
Deconstruct Hydrating Cleanser,Yes,Dry,Face wash,Pigmentation,Under Eye Circles,https://thedeconstruct.in/products/hyaluronic-acid-hydrating-face-wash?srsltid=AfmBOopxgONB8NPF3inZDVdy4jglTmAk5rD8dOUMZHI5Rj_bNtjB1PeO
Cetaphil Hydrating Foaming Cream Cleanser,Yes,Dry,Face wash,Pigmentation,Dull Skin,https://www.cetaphil.in/products/cleansers/cetaphil-hydrating-foaming-cream-cleanser-236-ml-for-dry-to-normal-sensitive-skin-with-niacinamide%2C-aloevera-and-glycerin/3499320016018.html
Biotique Almond Oil Cleanser ,Yes,Dry,Face wash,Fine Lines,Under Eye Circles,https://www.biotique.com/products/almond-oil-deep-cleanse-purifying-cleansing-oil-120ml?srsltid=AfmBOoq72QziO3AXXwB5jp9ChSEZxlMGV-U_jl_1dN2hQraVgKLByDkQ
The Face Shop Rice Water Cleansing Foam,Yes,Dry,Face wash,Fine Lines,Dull Skin,https://thefaceshop.in/products/rice-water-bright-cleansing-foam?srsltid=AfmBOopQTkCwoGjCE8_3SPRlZ5Jdy5V3RWV5VRgJA6uDtpnrltpuV7Me
Plum Green Tea Pore Cleansing Face Wash ,Yes,Combo,Face wash,Acne/Pimples,Under Eye Circles,https://plumgoodness.com/products/green-tea-pore-cleansing-face-wash?srsltid=AfmBOooHnWdg9-4wh3KvYcjTKZA04Uo2YULBXmW1RVE1PRwOvD5yJIoF
Lotus Herbals Tea Tree Face Wash,Yes,Combo,Face wash,Acne/Pimples,Dull Skin,https://www.lotus.in/products/teatreeclear-anti-acne-oil-control-tea-tree-face-pack?srsltid=AfmBOopdcn7InIEsuEUm08WHgBhPxmPmiUw4dVWG-0zHaDjHO2SdVk32
Aroma Magic Exfoliating Cleanser,Yes,Combo,Face wash,Pigmentation,Under Eye Circles,https://aromamagic.com/products/peppermint-exfol-gel?srsltid=AfmBOooziSHKgl0c0CYRfE60KRhfpBQQv7ne-jL8zgFSruEOvxr6LCJM
CeraVe Foaming Facial Cleanser,Yes,Combo,Face wash,Pigmentation,Dull Skin,https://www.cerave.com/skincare/cleansers/foaming-facial-cleanser
Cetaphil Gentle Skin Cleanser,Yes,Combo,Face wash,Fine Lines,Under Eye Circles,https://www.cetaphil.in/products/cleansers/gentle-skin-cleanser/8906005274105.html
The Face Shop Rice Water Cleansing Foam,Yes,Combo,Face wash,Fine Lines,Dull Skin,https://thefaceshop.in/products/rice-water-bright-cleansing-foam?srsltid=AfmBOopQTkCwoGjCE8_3SPRlZ5Jdy5V3RWV5VRgJA6uDtpnrltpuV7Mhttps://thefaceshop.in/products/rice-water-bright-cleansing-foam?srsltid=AfmBOopQTkCwoGjCE8_3SPRlZ5Jdy5V3RWV5VRgJA6uDtpnrltpuV7Me
Cetaphil Gentle Skin Cleanser,Yes,Normal,Face wash,Acne/Pimples,Under Eye Circles,https://www.cetaphil.in/products/cleansers/gentle-skin-cleanser/8906005274105.html
CeraVe Foaming Facial Cleanser,Yes,Normal,Face wash,Acne/Pimples,Dull Skin,https://www.cerave.com/skincare/cleansers/foaming-facial-cleanser
Deconstruct Hydrating Cleanser,Yes,Normal,Face wash,Pigmentation,Under Eye Circles,https://thedeconstruct.in/products/hyaluronic-acid-hydrating-face-wash?srsltid=AfmBOoqhpCQ7xdGj_IkJaBI_O69JP-3kVf0sKa_YUR1mvvpK3HDwrOCo
Plum Vitamin C Face Wash ,Yes,Normal,Face wash,Pigmentation,Dull Skin,https://plumgoodness.com/products/vitamin-c-foaming-face-wash?srsltid=AfmBOooBWW99S5dDgNNCbcngb21SFF-6pMHIYvtZlUvoqWpRf4WPZsBU
Cetaphil Gentle Skin Cleanser,Yes,Normal,Face wash,Fine Lines,Under Eye Circles,https://www.cetaphil.in/products/cleansers/gentle-skin-cleanser/8906005274105.html
The Face Shop Rice Water Cleansing Foam,Yes,Normal,Face wash,Fine Lines,Dull Skin,https://thefaceshop.in/products/rice-water-bright-cleansing-foam?srsltid=AfmBOopQTkCwoGjCE8_3SPRlZ5Jdy5V3RWV5VRgJA6uDtpnrltpuV7Mhttps://thefaceshop.in/products/rice-water-bright-cleansing-foam?srsltid=AfmBOopQTkCwoGjCE8_3SPRlZ5Jdy5V3RWV5VRgJA6uDtpnrltpuV7Me
The Ordinary Niacinamide 10%  Zinc 1%,Yes,Sensitive,Serum,Acne/Pimples,Dull Skin,https://theordinary.com/en-in/niacinamide-10-zinc-1-serum-100436.html
 Klairs Freshly Juiced Vitamin Drop,Yes,Sensitive,Serum,Acne/Pimples,Dull Skin,https://www.klairscosmetics.com/product/freshly-juiced-vitamin-drop/
 The Ordinary Alpha Arbutin 2% HA,Yes,Sensitive,Serum,Pigmentation,Under Eye Circles,https://theordinary.com/en-in/alpha-arbutin-2-ha-serum-100401.html
 SkinCeuticals Discoloration Defense,Yes,Sensitive,Serum,Pigmentation,Dull Skin,https://www.skinceuticals.com/skincare/serums/discoloration-defense/S25.html
Mad Hippie Vitamin C Serum,Yes,Sensitive,Serum,Pigmentation,Dull Skin,https://madhippie.com/products/vitamin-c-serum?srsltid=AfmBOoqSovfGv4owIFfdPB8NgBhRwYQ5OzhDAZU_E8-4D-N1OWo7C-PI
 Biossance Squalane  Phyto-Retinol Serum,Yes,Sensitive,Serum,Fine Lines,Under Eye Circles,https://www.biossance.com/c/masks-serums/?srsltid=AfmBOooGMkvYA2o3qfn0Xw-n70H9kEdM76HLtYz0j4QGFjL8_xipcImS
Herbivore Bakuchiol Retinol Alternative serum,Yes,Sensitive,Serum,Fine Lines,Dull Skin,https://www.herbivorebotanicals.com/products/moon-fruit-1-bakuchiol-peptides-retinol-alternative-serum?srsltid=AfmBOorqzsBmGULGLZdjOBHvmK4mvTZT1sUCUO4yeebiMkhkQnxsC9ZD
Trilogy Certified Organic Rosehip Oil,Yes,Sensitive,Serum,Fine Lines,Dull Skin,https://www.trilogyproducts.com/collections/rosehip-oil-skin-care?srsltid=AfmBOoqFxScnkD1ya06P7bM1OdRFHxBgsr1Fda6axBLZUB9db-8q89Ri
The Ordinary Niacinamide 10%  Zinc 1%  serum,Yes,Oily,Serum,Acne/Pimples,Under Eye Circles,https://theordinary.com/en-in/niacinamide-10-zinc-1-serum-100436.html
 Minimalist 10% Vitamin C Serum,Yes,Oily,Serum,Acne/Pimples,Dull Skin,https://beminimalist.co/products/vitamin-c-ethyl-ascorbic-acid-10-acetyl-glucosamine-1?srsltid=AfmBOoqPkl7VpxkQwePOAtBYtUmSe_QKzhAQHovdqm_k-uOJtJuDblbU
Minimalist 2% Alpha Arbutin,Yes,Oily,Serum,Pigmentation,Under Eye Circles,https://beminimalist.co/products/alpha-arbutin-2?srsltid=AfmBOoq5g9ohsqQGU4m2Gknfik_UsD8scaUxEKgG-Y8fozBOgZ_BrhPh
 The Ordinary Ascorbic Acid 8% & Alpha Arbutin 2% serum ,Yes,Oily,Serum,Pigmentation,Dull Skin,https://theordinary.com/en-in/alpha-arbutin-2-ha-serum-100401.html
Minimalist 0.3% Retinol Serum,Yes,Oily,Serum,Fine Lines,Under Eye Circles,https://beminimalist.co/products/retinol-0-3-q10?srsltid=AfmBOoqAEbHkwOydNtgAEoaBVmfS9qsZB3ZdHlaII6LZq46wMXg3jix2
Pilgrim Squalane Glow Serum,Yes,Oily,Serum,Fine Lines,Dull Skin,https://discoverpilgrim.com/products/squalane-glow-creme-serum?srsltid=AfmBOoqRoGdvg4hyZ4O4BB3xPmmz7X7WDDBhHiOrdv8jHfcZibpzF_-s
Deconstruct Oil Control Serum (Niacinamide + Salicylic),Yes,Dry,Serum,Acne/Pimples,Under Eye Circles,https://thedeconstruct.in/products/pore-control-serum?srsltid=AfmBOoqnFlXQj_f6u3o12Ai1VWHnPSVs8dp8osXgM0S62B2PnCltJxdm
 Minimalist 10% Vitamin C Serum,Yes,Dry,Serum,Acne/Pimples,Dull Skin,https://beminimalist.co/products/vitamin-c-ethyl-ascorbic-acid-10-acetyl-glucosamine-1?srsltid=AfmBOoqPkl7VpxkQwePOAtBYtUmSe_QKzhAQHovdqm_k-uOJtJuDblbU
The Ordinary Niacinamide 10%  Zinc 1%  serum,Yes,Dry,Serum,Acne/Pimples,Dull Skin,https://theordinary.com/en-in/niacinamide-10-zinc-1-serum-100436.html
Minimalist 2% Alpha Arbutin,Yes,Dry,Serum,Pigmentation,Under Eye Circles,https://beminimalist.co/products/alpha-arbutin-2?srsltid=AfmBOoq5g9ohsqQGU4m2Gknfik_UsD8scaUxEKgG-Y8fozBOgZ_BrhPh
Minimalist Rosehip Oil,Yes,Dry,Serum,Pigmentation,Dull Skin,https://beminimalist.co/blogs/skin-care/rosehip-oil-the-natural-oil-everyone-is-going-gaga-over?srsltid=AfmBOor15nNKB1-3tzwgzwAjI063VKgftsjmK7Ql75SBi2oivU9qSZHv
The Ordinary Retinol 0.2% in Squalane ,Yes,Dry,Serum,Fine Lines,Under Eye Circles,https://theordinary.com/en-in/retinol-02-in-squalane-serum-100439.html
The ordinary  Hyaluronic Acid 2% + B5 serum,Yes,Dry,Serum,Fine Lines,Dull Skin,https://theordinary.com/en-in/hyaluronic-acid-2-b5-serum-with-ceramides-100637.html
 Minimalist 2% Salicylic Acid Serum,Yes,Combo,Serum,Acne/Pimples,Under Eye Circles,https://beminimalist.co/products/salicylic-acid-2?srsltid=AfmBOoqzeqpwg2-7a-4yHlRn3xvOZQRWWpTknufCYF62ltKdSwPZNzg9
The Ordinary Niacinamide 10%  Zinc 1%  serum,Yes,Combo,Serum,Acne/Pimples,Dull Skin,https://theordinary.com/en-in/niacinamide-10-zinc-1-serum-100436.html
 Minimalist 10% Vitamin C Serum,Yes,Combo,Serum,Acne/Pimples,Dull Skin,https://beminimalist.co/products/vitamin-c-ethyl-ascorbic-acid-10-acetyl-glucosamine-1?srsltid=AfmBOoqPkl7VpxkQwePOAtBYtUmSe_QKzhAQHovdqm_k-uOJtJuDblbU
The Ordinary Alpha Arbutin 2%,Yes,Combo,Serum,Pigmentation,Under Eye Circles,https://theordinary.com/en-in/alpha-arbutin-2-ha-serum-100401.html
Deconstruct Brightening Serum,Yes,Combo,Serum,Pigmentation,Dull Skin,https://thedeconstruct.in/products/niacinamide-and-alpha-arbutin-brightening-serum?srsltid=AfmBOoq6LxEzw4ScM0aCZ9mfhxresoBDvZFSKrfPVlpAj4cdGE5LBaCn
 Minimalist Multi-Peptide Serum,Yes,Combo,Serum,Fine Lines,Under Eye Circles,https://beminimalist.co/products/multi-peptide-serum-7-matrixyl-3000-3-bio-placenta?srsltid=AfmBOoo46H442QP7apnZjGcNP0aMwRq0VNEcw6qe-N6wtuPDK6reZUqo
Earth Rhythm Bakuchiol Serum,Yes,Combo,Serum,Fine Lines,Dull Skin,https://earthrhythm.com/collections/face-serum?srsltid=AfmBOooUFj2POOEal5SNcyDHxAETW7JqBmtS8iiolGJ86uJKFNTHWqPH
 Minimalist 10% Vitamin C Serum,Yes,Combo,Serum,Fine Lines,Dull Skin,https://beminimalist.co/products/vitamin-c-ethyl-ascorbic-acid-10-acetyl-glucosamine-1?srsltid=AfmBOoqPkl7VpxkQwePOAtBYtUmSe_QKzhAQHovdqm_k-uOJtJuDblbU
 Minimalist 2% Salicylic Acid Serum,Yes,Normal,Serum,Acne/Pimples,Under Eye Circles,https://beminimalist.co/products/salicylic-acid-2?srsltid=AfmBOoqzeqpwg2-7a-4yHlRn3xvOZQRWWpTknufCYF62ltKdSwPZNzg9
 Minimalist 10% Vitamin C Serum,Yes,Normal,Serum,Acne/Pimples,Dull Skin,https://beminimalist.co/products/vitamin-c-ethyl-ascorbic-acid-10-acetyl-glucosamine-1?srsltid=AfmBOoqPkl7VpxkQwePOAtBYtUmSe_QKzhAQHovdqm_k-uOJtJuDblbU
The Ordinary Niacinamide 10%+1% zinc,Yes,Normal,Serum,Acne/Pimples,Dull Skin,https://theordinary.com/en-in/niacinamide-10-zinc-1-serum-100436.html
Minimalist 2% Alpha Arbutin,Yes,Normal,Serum,Pigmentation,Under Eye Circles,https://beminimalist.co/products/alpha-arbutin-2?srsltid=AfmBOoq5g9ohsqQGU4m2Gknfik_UsD8scaUxEKgG-Y8fozBOgZ_BrhPh
 Minimalist 10% Vitamin C Serum,Yes,Normal,Serum,Pigmentation,Dull Skin,https://beminimalist.co/products/vitamin-c-ethyl-ascorbic-acid-10-acetyl-glucosamine-1?srsltid=AfmBOoqPkl7VpxkQwePOAtBYtUmSe_QKzhAQHovdqm_k-uOJtJuDblbU
 Neutrogena Visible Repair Retinol Serum,Yes,Normal,Serum,Fine Lines,Under Eye Circles,https://www.neutrogena.in/face/serum/visible-repair-serum
Minimalist Multi-Peptide Serum ,Yes,Normal,Serum,Fine Lines,Dull Skin,https://beminimalist.co/products/multi-peptide-serum-7-matrixyl-3000-3-bio-placenta?srsltid=AfmBOoo46H442QP7apnZjGcNP0aMwRq0VNEcw6qe-N6wtuPDK6reZUqo
The Ordinary Glycolic Acid 7% Toning,Yes,Dry,Toner,Pigmentation,Dull Skin,https://theordinary.com/en-in/glycolic-acid-7-exfoliating-toner-100418.html
Pixi Glow Tonic,Yes,Combo,Toner,Pigmentation,Dull Skin,https://in.pixibeauty.com/products/glow-tonic-250ml
The Ordinary Glycolic Acid 7% Toning,Yes,Normal,Toner,Pigmentation,Dull Skin,https://theordinary.com/en-in/glycolic-acid-7-exfoliating-toner-100418.html
Paula's Choice Calm BHA Exfoliant,Yes,Sensitive,Exfoliator,Acne/Pimples,Under Eye Circles,https://www.paulaschoice.in/products/skin-perfecting-2-bha-liquid-exfoliant?srsltid=AfmBOoqKpVCudijUj_yq0VZcXjcL3dseYhtPmFVKbe-Kkeq5nHaw6o8_
Plum goji berry glycolic acid 5% Exfoliating Tone,Yes,Oily,Exfoliator,Acne/Pimples,Dull Skin,https://plumgoodness.com/products/goji-berry-glycolic-acid-5-exfoliating-toner-150-ml?srsltid=AfmBOoo3VQD-2hpHWk_P1cg6EdPWX5T4o-XAbGRL29AZ-AlEQebkwcyY
Plum 10% AHA 5% BHA & 0.5%BHA  Exfoliator,Yes,Oily,Exfoliator,Pigmentation,Dull Skin,https://plumgoodness.com/blogs/skincare/skincare-acid-aha-bha-pha?srsltid=AfmBOoqOEo59ek0mB_6lriI0ZgM1EWZVhM5tFHVuR4FeDvIq3UHQF3tS
The Ordinary Lactic Acid 10% + HA,Yes,Oily,Exfoliator,Fine Lines,Dull Skin,https://theordinary.com/en-in/lactic-acid-10-ha-exfoliator-100426.html
CeraVe Moisturizing Cream,Yes,Sensitive,Moisturizer,Acne/Pimples,Under Eye Circles,https://www.ceraveindia.com/ceramides-skin-care/moisturisers/facial-moisturiser
Neutrogena Hydro Boost Water Gel,Yes,Sensitive,Moisturizer,Acne/Pimples,Dull Skin,https://www.neutrogena.in/face/moisturizers/hydro-boost-hyaluronic-acid-water-gel
CeraVe Moisturizing Lotion,Yes,Sensitive,Moisturizer,Pigmentation,Under Eye Circles,https://www.ceraveindia.com/ceramides-skin-care/moisturisers/facial-moisturiser
La Roche-Posay Toleriane Ultra moisturizer,Yes,Sensitive,Moisturizer,Pigmentation,Dull Skin,https://www.laroche-posay.com.my/en-my/toleriane/toleriane-ultra-cream
Neutrogena Visible Repair Regenerating Cream,Yes,Sensitive,Moisturizer,Fine Lines,Under Eye Circles,https://www.neutrogena.in/face/moisturizers/visible-repair-regenerating-cream
 First Aid Beauty Ultra Repair Cream,Yes,Sensitive,Moisturizer,Fine Lines,Dull Skin,https://www.firstaidbeauty.com/products/ultra-repair-cream-intense-hydration?srsltid=AfmBOor7IbnD87Upq1pzKCRcSnaT4slr4GIQd8UVRlHxeU4spWEkTaCA
Re'equil Oil-Free Moisturizer ,Yes,Oily,Moisturizer,Acne/Pimples,Under Eye Circles,https://www.reequil.com/products/oil-free-moisturiser-for-normal-oily-combination-skin?srsltid=AfmBOoriH0I3ce6nONMN8ZMIwItxaV1DpBAAJMNBzBZxWXz-oUe3tESt
Dot & Key Oil-Free Water Gel moisturizer,Yes,Oily,Moisturizer,Acne/Pimples,Dull Skin,https://www.dotandkey.com/collections/oil-free-moisturizer?srsltid=AfmBOopkVxW10sa7AAx5j1lFRxK6fr5j1I8-WY2cIBWcCYWBwU-VfmUd
Plum 10% Niacinamide and Rice water Clear Moisture Gel,Yes,Oily,Moisturizer,Pigmentation,Under Eye Circles,https://plumgoodness.com/products/thinkderma-2-niacinamide-rice-water-clear-moisture-gel-cream-all-day-non-greasy-moisturizer-fades-blemishes-brightens-skin-3-matmarine-for-oil-control-lightweight-non-sticky-100-vegan?srsltid=AfmBOooJx8nuuqJ37d4VmHis29ZzRpFkUrsXY5GGvgTSPOG8NXYOCpC8
Neutrogena Hydro Boost Water Gel,Yes,Oily,Moisturizer,Pigmentation,Dull Skin,https://www.neutrogena.in/face/moisturizers/hydro-boost-hyaluronic-acid-water-gel
Plum Green Tree Mattifying Moisturizer ,Yes,Oily,Moisturizer,Fine Lines,Under Eye Circles,https://plumgoodness.com/products/green-tea-mattifying-moisturizer?srsltid=AfmBOop8U71UtC-pgyW_Cs0cgcXYmkWReW3dF0hs3gmBH_QMtmNdENFf
Foxtale Super Glow Moisturizer,Yes,Oily,Moisturizer,Fine Lines,Dull Skin,https://foxtale.in/products/brightening-moisturizer?srsltid=AfmBOopMU8It7iO0LVkGLL--LK_P3HS-FOPSqNaJh6Vb18w6-cX05pUd
Re'equil Ceramide & Hyaluronic Acid Moisturizer,Yes,Dry,Moisturizer,Acne/Pimples,Under Eye Circles,https://www.reequil.com/products/ceramide-hyaluronic-acid-moisturiser-for-normal-to-dry-skin?srsltid=AfmBOooKY5vTbgFu0AcCob5recnNOFv7ke_wfXDPP4W8rdffuW3qdz5_
Dot & Key Vitamin C+E  super bright moisturizer ,Yes,Dry,Moisturizer,Acne/Pimples,Dull Skin,https://www.dotandkey.com/products/vitamin-c-e-super-bright-moisturizer?srsltid=AfmBOoqUvvWEHwJb5SbsbaLYx3FlvKx258tPsDFKy0_hZtU1AZdu6uKd
Bioderma Atoderm Intensive Baume -moisturizer,Yes,Dry,Moisturizer,Pigmentation,Under Eye Circles,https://www.myntra.com/body-cream-and-lotion/bioderma/bioderma-atoderm-intensive-baume-ultra-soothing-balm---500-ml/38109022/buy
CeraVe Moisturizing Cream ,Yes,Dry,Moisturizer,Pigmentation,Dull Skin,https://www.ceraveindia.com/ceramides-skin-care/moisturisers/facial-moisturiser
Neutrogena Visible Repair Regenerating Cream,Yes,Dry,Moisturizer,Fine Lines,Under Eye Circles,https://www.neutrogena.in/face/moisturizers/visible-repair-regenerating-cream
minimalist 5% marula oil face  Moisturizer,Yes,Dry,Moisturizer,Fine Lines,Dull Skin,https://beminimalist.co/products/marula-05-moisturizer?srsltid=AfmBOoqf4Dr3YhC_e2HChdu5ofS8vUIoa6etKEb2mczzmLlwNQssZNkV
Neutrogena Hydro Boost Water Gel,Yes,Combo,Moisturizer,Acne/Pimples,Under Eye Circles,https://www.neutrogena.in/face/moisturizers/hydro-boost-hyaluronic-acid-water-gel
Dot & Key CICA Night Gel,Yes,Combo,Moisturizer,Acne/Pimples,Dull Skin,https://www.dotandkey.com/products/cica-calming-skin-renewing-night-gel?srsltid=AfmBOorqUphoAdHhG_zD5p-FXXW9zVmU8rK6_3Nu9I7t3R9Hq03CVJ2X
Plum Green Tree Mattifying Moisturizer ,Yes,Combo,Moisturizer,Pigmentation,Under Eye Circles,https://plumgoodness.com/products/green-tea-mattifying-moisturizer?srsltid=AfmBOop8U71UtC-pgyW_Cs0cgcXYmkWReW3dF0hs3gmBH_QMtmNdENFf
Pligrium squalance Glow Moisturizer,Yes,Combo,Moisturizer,Pigmentation,Dull Skin,https://discoverpilgrim.com/products/squalane-glow-moisturizer?srsltid=AfmBOoqF2ndlxd5txCXnJ8yMX-l748Ke7tyDmCq8qzOeu1VEoijRcnt3
Dot & Key Vitamin C+E  super bright moisturizer ,Yes,Combo,Moisturizer,Fine Lines,Under Eye Circles,https://www.dotandkey.com/products/vitamin-c-e-super-bright-moisturizer?srsltid=AfmBOoqUvvWEHwJb5SbsbaLYx3FlvKx258tPsDFKy0_hZtU1AZdu6uKd
CeraVe Moisturizing Lotion,Yes,Combo,Moisturizer,Fine Lines,Dull Skin,https://www.ceraveindia.com/ceramides-skin-care/moisturisers/facial-moisturiser
Dot & Key Watermelon Cooling Icy Gel Moisturizer,Yes,Normal,Moisturizer,Acne/Pimples,Under Eye Circles,https://www.dotandkey.com/products/watermelon-moisturizer-icy-gel?srsltid=AfmBOooiy9sMtC6cP5lleAnJ6qhvB495VhmKJly-cKF0C42YACGwLazR
Re'equil Ceramide & Hyaluronic Acid Moisturizer,Yes,Normal,Moisturizer,Acne/Pimples,Dull Skin,https://www.reequil.com/products/ceramide-hyaluronic-acid-moisturiser-for-normal-to-dry-skin?srsltid=AfmBOooKY5vTbgFu0AcCob5recnNOFv7ke_wfXDPP4W8rdffuW3qdz5_
Foxtale Super Glow Moisturizer,Yes,Normal,Moisturizer,Pigmentation,Under Eye Circles,https://foxtale.in/products/brightening-moisturizer?srsltid=AfmBOopMU8It7iO0LVkGLL--LK_P3HS-FOPSqNaJh6Vb18w6-cX05pUd
Neutrogena Hydro Boost Water Gel,Yes,Normal,Moisturizer,Pigmentation,Dull Skin,https://www.neutrogena.in/face/moisturizers/hydro-boost-hyaluronic-acid-water-gel
Re'equil Ceramide & Hyaluronic Acid Moisturizer,Yes,Normal,Moisturizer,Fine Lines,Under Eye Circles,https://www.reequil.com/products/ceramide-hyaluronic-acid-moisturiser-for-normal-to-dry-skin?srsltid=AfmBOooKY5vTbgFu0AcCob5recnNOFv7ke_wfXDPP4W8rdffuW3qdz5_
Simple Hydrating Ligth Moisturizer,Yes,Normal,Moisturizer,Fine Lines,Dull Skin,https://www.simpleskincare.in/products/hydrating-light-moisturiser-with-borage-seed-oil-pro-vit-b5-vit-e-125-ml?srsltid=AfmBOoqVGoTFDdUmIx9AXm2BfL752TdITvNtXJFvvdW9clxlWQ3q40DQ
Dot&key Cica Calming Mattifying Sunscreen SPF 50,Yes,Sensitive,Sunscreen,Acne/Pimples,Under Eye Circles,https://www.dotandkey.com/products/cica-calming-mattifying-sunscreen-spf-50-pa?srsltid=AfmBOooXn_YhnJya4xcDQwfOo_bMuTJn3gbfKT8M2dcO0Y5W_ZwhNDwO
 La Roche-Posay Anthelios Mineral SPF,Yes,Sensitive,Sunscreen,Acne/Pimples,Dull Skin,https://www.laroche-posay.us/our-products/sun/mineral-sunscreen?srsltid=AfmBOooMNfIhVFc1ZZ5oukLoJP8-5LqXsqrKITAwsXBJPRg0imJPA0SX
Dr.Sheth's Kesar & Kojic Acid Sunscreen SPF 50+,Yes,Sensitive,Sunscreen,Pigmentation,Under Eye Circles,https://www.drsheths.com/products/kesar-kojic-acid-sunscreen-50g?srsltid=AfmBOopYBZ6thLay0TNHAGjFgBzCXVzpzBmVjGIgSTjPSWLl5J0gL1nZ
Dr.Sheth's Ceramide&Vitamin C suncreen,Yes,Sensitive,Sunscreen,Pigmentation,Dull Skin,https://www.drsheths.com/products/ceramide-vitamin-c-sunscreen-50g?srsltid=AfmBOoqYamgpfIIYqqJ0dpJGJRjAPCML7XMUGnnAKWE6nhvWHiZWmqFI
Cetaphil Sun 50+ Light Gel,Yes,Sensitive,Sunscreen,Fine Lines,Under Eye Circles,https://www.cetaphil.in/sunscreens/cetaphil-spf-50%2B-sunscreen/3499320013192.html
 Plum rice water & niacinamide hybrid suncreen,Yes,Sensitive,Sunscreen,Fine Lines,Dull Skin,https://plumgoodness.com/products/plum-2-niacinamide-rice-water-spf-50-pa-sunscreen-reduces-blemishes-brightens-skin-protects-from-uva-uvb-rays-fragrance-free-all-skin-types-100-vegan?srsltid=AfmBOoqmkV3JpivwgZGdGkHojM6y2a8AaYCPFb2hITYPvn7rA-Of8EKF
 Dermdoc 4% Niacinemide Ultra Violet Brightening Sunscreen,Yes,Oily,Sunscreen,Acne/Pimples,Under Eye Circles,https://buydermdoc.com/products/dermdoc-4-niacinamide-ultra-violet-brightening-sunscreen?srsltid=AfmBOopfPcHewjP_PAG9icClR6itJCSKfglB3EQe2e63MkGB7busK5sm
Plum 2% Niacinamide & Ricewater Hybrid Sunscreen,Yes,Oily,Sunscreen,Acne/Pimples,Dull Skin,https://plumgoodness.com/products/plum-2-niacinamide-rice-water-spf-50-pa-sunscreen-reduces-blemishes-brightens-skin-protects-from-uva-uvb-rays-fragrance-free-all-skin-types-100-vegan?srsltid=AfmBOoqmkV3JpivwgZGdGkHojM6y2a8AaYCPFb2hITYPvn7rA-Of8EKF
 Re'equil Oxybenzone Free SPF 50,Yes,Oily,Sunscreen,Pigmentation,Under Eye Circles,https://www.reequil.com/products/oxybenzone-free-sunscreen-spf-50-for-oily-acne-prone-skin?srsltid=AfmBOoq3nPYqZGNKMO3i_58X80OgnitKdgQBaBKP54e8UGF9AocopgBR
 Plum green tea & zinc super matte gel suncreen spf 50,Yes,Oily,Sunscreen,Pigmentation,Dull Skin,https://plumgoodness.com/products/green-tea-zinc-super-matte-sunscreen-gel-spf-50-pa-spf-for-oily-skin-new?srsltid=AfmBOopTgePHfrClBhJiiyFqFeu-IhdC1BzZBV5inBMM67ltKQO6-Xlf
 Concious Chemist  Dewy Ceramide Sunscreen spf 50/PA ++++,Yes,Oily,Sunscreen,Fine Lines,Under Eye Circles,https://consciouschemist.com/products/sundrink-oil-free-sunscreen?srsltid=AfmBOoqcOMNbu3Wp3ydhkcHwaDfPnSudSrGOtWQw2lDS4igJhB6Ompta
 Deconstruct 5% vitamin c gel sunscreen ,Yes,Oily,Sunscreen,Fine Lines,Dull Skin,https://thedeconstruct.in/products/vitamin-c-gel-sunscreen?srsltid=AfmBOoqHdghtrplTJ51ymypX8uQpmbRSA5Iiaa_WEg05c1TeVGLVZ8Lj
 Dr. Sheth's Centella and Niacinamide Oil and Acne Control Sunscreen,Yes,Dry,Sunscreen,Acne/Pimples,Under Eye Circles,https://www.drsheths.com/products/centella-niacinamide-oil-acne-control-sunscreen-spf-50-pa?srsltid=AfmBOorpvmMs3gf6-1h1C1Wo3KkvdqI_6e4ZH4EL7ARXuFwUv0DtKUSZ
Plum  2% niacinamide & rice water hybrid suncreen ,Yes,Dry,Sunscreen,Acne/Pimples,Dull Skin,https://plumgoodness.com/products/plum-2-niacinamide-rice-water-spf-50-pa-sunscreen-reduces-blemishes-brightens-skin-protects-from-uva-uvb-rays-fragrance-free-all-skin-types-100-vegan?srsltid=AfmBOoqmkV3JpivwgZGdGkHojM6y2a8AaYCPFb2hITYPvn7rA-Of8EKF
 Deconstruct Brightening sunscreen,Yes,Dry,Sunscreen,Pigmentation,Under Eye Circles,https://thedeconstruct.in/products/fluid-brightening-sunscreen-with-spf50?srsltid=AfmBOop7ob9ovflWrcK6lw2wROHKPoDNKiKvnL-52r0zMqKepWs__aKA
 Dr. Sheth's Kesar & Kojic Acid sunscreen,Yes,Dry,Sunscreen,Pigmentation,Dull Skin,https://www.drsheths.com/products/kesar-kojic-acid-sunscreen-50g?srsltid=AfmBOopYBZ6thLay0TNHAGjFgBzCXVzpzBmVjGIgSTjPSWLl5J0gL1nZ
 Heliocare Age Active SPF 50 sunscreen,Yes,Dry,Sunscreen,Fine Lines,Under Eye Circles,https://www.amazon.in/Heliocare-Sunscreen-Anti-Aging-Protection-Ultra-Light/dp/B089DJS44J
Dr. Sheth's Ceramide & Vitamin C sunscreen ,Yes,Dry,Sunscreen,Fine Lines,Dull Skin,https://www.drsheths.com/products/ceramide-vitamin-c-sunscreen-50g?srsltid=AfmBOoqYamgpfIIYqqJ0dpJGJRjAPCML7XMUGnnAKWE6nhvWHiZWmqFI
 Minimalist SPF 50 sunscreen,Yes,Combo,Sunscreen,Acne/Pimples,Under Eye Circles,https://beminimalist.co/products/multi-vitamin-spf-50?srsltid=AfmBOorihk_GVSGXkozrOUdH_pPBDZv46oBrw4RzaPXzTj0ShCnL9NhN
 Deconstruct 2% salicylic acid sunscreen ,Yes,Combo,Sunscreen,Acne/Pimples,Dull Skin,https://thedeconstruct.in/products/salicylic-acid-gel-sunscreen?srsltid=AfmBOoqe34LxgJl_sMsy6rCHya0BO3tSEEb4B3PI-Zh1wkn_hLVeWO1C
 Dermdoc 4% Niacinemide Ultra Violet Brightening Sunscreen,Yes,Combo,Sunscreen,Pigmentation,Under Eye Circles,https://buydermdoc.com/products/dermdoc-4-niacinamide-ultra-violet-brightening-sunscreen?srsltid=AfmBOopfPcHewjP_PAG9icClR6itJCSKfglB3EQe2e63MkGB7busK5sm
Plum 2% niacinamide & rice water hybrid sunscreen spf 50 PA++++,Yes,Combo,Sunscreen,Pigmentation,Dull Skin,https://plumgoodness.com/products/plum-2-niacinamide-rice-water-spf-50-pa-sunscreen-reduces-blemishes-brightens-skin-protects-from-uva-uvb-rays-fragrance-free-all-skin-types-100-vegan?srsltid=AfmBOoqmkV3JpivwgZGdGkHojM6y2a8AaYCPFb2hITYPvn7rA-Of8EKF
 Heliocare Age Active SPF 50 sunscreen,Yes,Combo,Sunscreen,Fine Lines,Under Eye Circles,https://www.amazon.in/Heliocare-Sunscreen-Anti-Aging-Protection-Ultra-Light/dp/B089DJS44https://www.amazon.in/Heliocare-Sunscreen-Anti-Aging-Protection-Ultra-Light/dp/B089DJS44J
Plum Yuzu & Alpha Arbutin weightless fluid sunscreen ,Yes,Combo,Sunscreen,Fine Lines,Dull Skin,https://plumgoodness.com/products/plum-yuzu-alpha-arbutin-weightless-fluid-sunscreen-35-pa-helps-fade-tan-dark-spots-ultra-light-texture-50-gm?srsltid=AfmBOoqHnou4I3FXzbbf08H5DEf1N3Vf1dlgcvIoVVZKUe6s8ezAgmmU
Dr. Sheth's Kesar & Kojic Acid sunscreen,Yes,Normal,Sunscreen,Acne/Pimples,Under Eye Circles,https://www.drsheths.com/products/kesar-kojic-acid-sunscreen-50g?srsltid=AfmBOopYBZ6thLay0TNHAGjFgBzCXVzpzBmVjGIgSTjPSWLl5J0gL1nZ
Plum Yuzu & Alpha Arbutin weightless fluid sunscreen ,Yes,Normal,Sunscreen,Acne/Pimples,Dull Skin,https://plumgoodness.com/products/plum-yuzu-alpha-arbutin-weightless-fluid-sunscreen-35-pa-helps-fade-tan-dark-spots-ultra-light-texture-50-gm?srsltid=AfmBOoqHnou4I3FXzbbf08H5DEf1N3Vf1dlgcvIoVVZKUe6s8ezAgmmU
Re'equil Ultra Matte Dry Touch SPF 50,Yes,Normal,Sunscreen,Pigmentation,Under Eye Circles,https://www.reequil.com/products/ultra-matte-dry-touch-sunscreen-gel-spf-50-pa?srsltid=AfmBOoqS1C5BC-pFuFG_Vr8CSYr2v3q2KKidoKSoRctqaVeMgdiK-25J
Dot & Key vitamin C+E Super Bright Sunscreen ,Yes,Normal,Sunscreen,Pigmentation,Dull Skin,https://www.dotandkey.com/products/dot-key-vitamin-c-e-spf-50-pa-face-sunscreen-for-glowing-skin-uv-protection-for-dull-skin?srsltid=AfmBOoobgsy72ckMTUZfEo9udtP20vygTNiBX8MilLYmH4bjJ9DjDk9V
Conscious Chemist suncreen SPF50 ,Yes,Normal,Sunscreen,Fine Lines,Under Eye Circles,https://consciouschemist.com/products/100-percent-mineral-sunscreen-spf-50-pa-matte-finish-zero-white-cast?srsltid=AfmBOorqsPwDpGRqPc1L_Ui3aCp6rqdKsMualzfXHoFVv2PdneYfLeLf
Dot & Key Vitamin C & E super bright sunscreen ,Yes,Normal,Sunscreen,Fine Lines,Dull Skin,https://www.dotandkey.com/products/dot-key-vitamin-c-e-spf-50-pa-face-sunscreen-for-glowing-skin-uv-protection-for-dull-skin?srsltid=AfmBOoobgsy72ckMTUZfEo9udtP20vygTNiBX8MilLYmH4bjJ9DjDk9V
The Inkey List Caffeine Eye Cream,Yes,Sensitive,Eyecream,Acne/Pimples,Under Eye Circles,https://uk.theinkeylist.com/products/caffeine-eye-cream?srsltid=AfmBOooQFz07RITmLzQzX7ZolI0533GMAoqykIjKEhyTe-JB7gq51SHE
 Biossance Squalane  Marine Algae Eye Cream,Yes,Sensitive,Eyecream,Pigmentation,Under Eye Circles,https://www.biossance.com/p/squalane-plus-marine-algae-eye-cream/12766627/?srsltid=AfmBOooRQBm_lViSG822v8YwvhDOvrGjH4CAGAs2Y4IBjpDYbL2YYt1U
Shiseido Benefiance Eye Cream ,Yes,Sensitive,Eyecream,Fine Lines,Under Eye Circles,https://www.shiseido.com/us/en/benefiance-wrinkle-smoothing-eye-cream-0768614208570.html
 Plum 3% Vitamin C Under Eye Cream ,Yes,Oily,Eyecream,Acne/Pimples,Under Eye Circles,https://plumgoodness.com/products/vitamin-c-eye-cream-with-mandarin?srsltid=AfmBOoq5PHLKzj0Lh5t_r00NH2cI57Clhoee31P5oPSQ2vd2-qC8iWWI
The Derma Co 5% Caffeine Eye Serum ,Yes,Oily,Eyecream,Pigmentation,Under Eye Circles,https://thedermaco.com/products/5-caffeine-under-eye-serum-for-dark-circles-puffiness
MCaffeine Coffee Under Eye Cream ,Yes,Oily,Eyecream,Fine Lines,Under Eye Circles,https://www.mcaffeine.com/products/coffee-under-eye-cream-1?srsltid=AfmBOoqh0ZIQHjHHSqTpibLzuOoYbVzdhTtkvDbFuZAvzF-s3tfb4lvS
Nvybe Avocado Under Eye Cream,Yes,Dry,Eyecream,Acne/Pimples,Under Eye Circles,https://nvybe.co/products/nvybe-under-eye-cream?srsltid=AfmBOooCnLSfMZ3s0f_HaEq8_s061ZePjtRUOk_MWwhJLjjcLnR6w3Da
Pilgrims Retinol Eye Cream,Yes,Dry,Eyecream,Pigmentation,Under Eye Circles,https://discoverpilgrim.com/products/retinol-under-eye-cream-with-vitamin-c-hyaluronic-acid?srsltid=AfmBOopbTxI_jejnKgUGJ2ktrUEJP9xJ78baOe6fdUg8PhlnmLImT0yW
Plum 3% Vitamin C Under Eye Cream,Yes,Dry,Eyecream,Fine Lines,Under Eye Circles,https://plumgoodness.com/products/vitamin-c-eye-cream-with-mandarin?srsltid=AfmBOoq5PHLKzj0Lh5t_r00NH2cI57Clhoee31P5oPSQ2vd2-qC8iWWI
The Derma Co 5% Caffeine Eye Serum ,Yes,Combo,Eyecream,Acne/Pimples,Under Eye Circles,https://thedermaco.com/products/5-caffeine-under-eye-serum-for-dark-circles-puffiness
MCaffeine Coffee Under Eye Cream ,Yes,Combo,Eyecream,Pigmentation,Under Eye Circles,https://www.mcaffeine.com/products/coffee-under-eye-cream-1?srsltid=AfmBOoqh0ZIQHjHHSqTpibLzuOoYbVzdhTtkvDbFuZAvzF-s3tfb4lvS
The Derma Co 5% Caffeine Eye Serum ,Yes,Combo,Eyecream,Fine Lines,Under Eye Circles,https://thedermaco.com/products/5-caffeine-under-eye-serum-for-dark-circles-puffiness
Plum 3% Vitamin C Under Eye Cream,Yes,Normal,Eyecream,Acne/Pimples,Under Eye Circles,https://plumgoodness.com/products/vitamin-c-eye-cream-with-mandarin?srsltid=AfmBOoq5PHLKzj0Lh5t_r00NH2cI57Clhoee31P5oPSQ2vd2-qC8iWWI
The Derma Co 5% Caffeine Eye Serum ,Yes,Normal,Eyecream,Pigmentation,Under Eye Circles,https://thedermaco.com/products/5-caffeine-under-eye-serum-for-dark-circles-puffiness
MCaffeine Coffee Under Eye Cream,Yes,Normal,Eyecream,Fine Lines,Under Eye Circles,https://www.mcaffeine.com/products/coffee-under-eye-cream-1?srsltid=AfmBOoqh0ZIQHjHHSqTpibLzuOoYbVzdhTtkvDbFuZAvzF-s3tfb4lvS
